<application>
  <component name="ParameterNameHintsSettings">
    <blacklists>
      <blacklist language="TypeScript" />
      <blacklist language="Java">
        <added pattern="java.net.URLEncoder.encode(s,enc)" />
        <added pattern="com.jdhoe.pay.PayModel.PayModel(orderId,totalAmount,subject,body)" />
      </blacklist>
      <blacklist language="Groovy" />
      <blacklist language="Kotlin">
        <added pattern="org.junit.jupiter.api.extension.ExtendWith(value)" />
      </blacklist>
    </blacklists>
  </component>
</application>