<application>
  <component name="PostfixTemplates">
    <template id="isnull@userDefined" key=".isnull" provider="builtin.java" language-level="8" topmost="true">
      <conditions>
        <condition id="non void" />
      </conditions>
      <template name="fakeKey" value="if(Objects.isNull($EXPR$)){&#10;    &#10;}" toReformat="true" toShortenFQNames="true" />
    </template>
    <template id="nonnull@userDefined" key=".nonnull" provider="builtin.java" language-level="8" topmost="false">
      <conditions>
        <condition id="non void" />
      </conditions>
      <template name="fakeKey" value="if (Objects.nonNull($EXPR$)) {&#10;&#10;}" toReformat="true" toShortenFQNames="true" />
    </template>
  </component>
</application>