<application>
  <component name="AppStorage">
    <histories>
      <item value="Customer Rebate Constant" />
      <item value="multiply" />
      <item value="导出" />
      <item value="exist" />
      <item value="存在" />
      <item value="visit Type" />
      <item value="enterprise" />
      <item value="Record" />
      <item value="Visit Record" />
      <item value="Reports any calls to specific methods where the result of that call is ignored. Method calls inspected are:" />
      <item value="30天账期" />
      <item value="现金" />
      <item value="生成" />
      <item value="不愿意再合作" />
      <item value="售后未处理" />
      <item value="without" />
      <item value="without placing" />
      <item value="已注册不下单" />
      <item value="注册" />
      <item value="down Stream Industry" />
      <item value="Service" />
      <item value="服务行业" />
      <item value="二级厂" />
      <item value="INTENTION" />
      <item value="全称" />
      <item value="导出VisitRecord" />
      <item value="Record Id" />
      <item value="test Results Dir" />
      <item value="test Report Dir" />
      <item value="No tests found for given includes: [CompletableFutureTest.test1](filter.includeTestsMatching)" />
      <item value="Annotation Attributes" />
      <item value="huqi" />
      <item value="No Such Method Exception" />
      <item value="Resolver" />
      <item value="Locale" />
      <item value="Locale Resolver" />
      <item value="Cannot change HTTP accept header - use a different locale resolution strategy" />
      <item value="默认" />
      <item value="默" />
      <item value="Starting" />
      <item value="resolve Locale" />
      <item value="custom" />
      <item value="自定义" />
      <item value="set Locale Attribute Name" />
      <item value="Time Zone Aware Locale Context" />
      <item value="resolve Locale Context" />
      <item value="Could not get unknown property 'lib' for object" />
      <item value="deprecation" />
      <item value="argument list must be exactly 1 literal non empty string" />
      <item value="configuration" />
    </histories>
    <option name="languageScores">
      <map>
        <entry key="CHINESE" value="51" />
        <entry key="ENGLISH" value="52" />
        <entry key="LUXEMBOURGISH" value="2" />
        <entry key="PORTUGUESE" value="1" />
        <entry key="SPANISH" value="1" />
        <entry key="ITALIAN" value="1" />
      </map>
    </option>
  </component>
  <component name="Settings">
    <option name="ignoreRegExp" value="" />
  </component>
</application>