<application>
  <component name="AppStorage">
    <histories>
      <item value="max Concurrent Requests" />
      <item value="false" />
      <item value="Service id not legal hostname" />
      <item value="fill Apply Output Filed" />
      <item value="fill Up Apply Output" />
      <item value="target Grading" />
      <item value="Fact" />
      <item value="Result Utils" />
      <item value="mean" />
      <item value="inverse Cumulative Probability" />
      <item value="probability" />
      <item value="density" />
      <item value="正态分布" />
      <item value="cumulative Probability" />
      <item value="'BigDecimal.divide()' called without a rounding mode argument" />
      <item value="'BigDecimal.setScale()' called without a rounding mode argument" />
      <item value="Non-terminating decimal expansion; no exact representable decimal result." />
      <item value="divide" />
      <item value="destroy" />
      <item value="参数" />
      <item value="Params" />
      <item value="check Woe Params" />
      <item value="check Woe Parames" />
      <item value="企业" />
      <item value="分级" />
      <item value="Schema" />
      <item value="check Data Integrity" />
      <item value="checkdata Integrity" />
      <item value="compute Credit Score" />
      <item value="unique" />
      <item value="risk model" />
      <item value="db g_risk model" />
      <item value="Oauth Config" />
      <item value="在内存" />
      <item value="learning" />
      <item value="交易记录统计" />
      <item value="list Transaction History" />
      <item value="交易记录列表" />
      <item value="平台账期额度" />
      <item value="tried to access class" />
      <item value="data Source Initializer" />
      <item value="Enhancer By Spring CGLIB" />
      <item value="Primary" />
      <item value="Not registered via @EnableConfigurationProperties or marked as Spring component" />
      <item value="实际" />
      <item value="Discovery Client" />
      <item value="Credit Code" />
      <item value="payload" />
      <item value="do Outer Get" />
      <item value="do Outer Post" />
    </histories>
    <option name="languageScores">
      <map>
        <entry key="CHINESE" value="194" />
        <entry key="ENGLISH" value="195" />
        <entry key="FRENCH" value="3" />
        <entry key="GUJARATI" value="1" />
        <entry key="LATIN" value="1" />
        <entry key="NORWEGIAN" value="1" />
        <entry key="PORTUGUESE" value="1" />
      </map>
    </option>
  </component>
  <component name="Settings">
    <option name="ignoreRegExp" value="" />
  </component>
</application>