<keymap version="1" name="Default for XWin copy" parent="Default for XWin">
  <action id="$EditorTranslateAction">
    <keyboard-shortcut first-keystroke="alt t" />
  </action>
  <action id="$LRU">
    <keyboard-shortcut first-keystroke="alt f" />
  </action>
  <action id="ChangeSignature">
    <keyboard-shortcut first-keystroke="ctrl f6" />
    <keyboard-shortcut first-keystroke="alt g" />
  </action>
  <action id="CloseContent">
    <keyboard-shortcut first-keystroke="ctrl f4" />
    <keyboard-shortcut first-keystroke="alt w" />
  </action>
  <action id="Editor EditorTranslateAction">
    <keyboard-shortcut first-keystroke="alt t" />
  </action>
  <action id="Editor LRU">
    <keyboard-shortcut first-keystroke="alt f" />
  </action>
  <action id="EditorDuplicateLines">
    <keyboard-shortcut first-keystroke="alt l" />
  </action>
  <action id="FileStructurePopup">
    <keyboard-shortcut first-keystroke="ctrl f12" />
    <keyboard-shortcut first-keystroke="alt k" />
  </action>
  <action id="RenameElement">
    <keyboard-shortcut first-keystroke="shift f6" />
    <keyboard-shortcut first-keystroke="alt r" />
  </action>
  <action id="RevealIn">
    <keyboard-shortcut first-keystroke="alt e" />
  </action>
</keymap>