<keymap version="1" name="MyEclipse" parent="Eclipse">
  <action id="$ChooseTranslatorAction" />
  <action id="$EditorTranslateAction">
    <keyboard-shortcut first-keystroke="alt t" />
  </action>
  <action id="$LRU">
    <keyboard-shortcut first-keystroke="alt f" />
  </action>
  <action id="$ShowTranslationDialogAction">
    <keyboard-shortcut first-keystroke="shift ctrl alt o" />
  </action>
  <action id="$TranslateAndReplaceAction">
    <keyboard-shortcut first-keystroke="shift ctrl s" />
  </action>
  <action id="CloseActiveTab" />
  <action id="Editor EditorTranslateAction">
    <keyboard-shortcut first-keystroke="alt t" />
  </action>
  <action id="Editor LRU">
    <keyboard-shortcut first-keystroke="alt f" />
  </action>
  <action id="Editor ShowTranslationDialogAction">
    <keyboard-shortcut first-keystroke="shift ctrl alt o" />
  </action>
  <action id="Editor TranslateAndReplaceAction">
    <keyboard-shortcut first-keystroke="shift ctrl s" />
  </action>
  <action id="EditorSelectWord">
    <keyboard-shortcut first-keystroke="ctrl w" />
  </action>
  <action id="NewElementInMenuGroup">
    <keyboard-shortcut first-keystroke="shift ctrl n" />
  </action>
  <action id="ReplaceInPath">
    <keyboard-shortcut first-keystroke="shift ctrl q" />
  </action>
  <action id="RevealIn">
    <keyboard-shortcut first-keystroke="alt e" />
  </action>
  <action id="Vcs.UpdateProject">
    <keyboard-shortcut first-keystroke="alt u" />
  </action>
</keymap>